epoch,loss,accuracy,val_loss,val_accuracy,lr
0,1.0,0.5,1.0,0.5,0.01
1,0.95,0.54,0.96,0.535,0.0095
2,0.9,0.58,0.92,0.5700000000000001,0.009025
3,0.85,0.62,0.88,0.605,0.00857375
4,0.8,0.66,0.84,0.64,0.0081450625
5,0.75,0.7,0.8,0.675,0.007737809374999998
6,0.7,0.74,0.76,0.71,0.007350918906249998
7,0.6499999999999999,0.78,0.72,0.745,0.006983372960937498
8,0.6,0.8200000000000001,0.6799999999999999,0.78,0.006634204312890623
9,0.55,0.86,0.64,0.8150000000000001,0.006302494097246091
